nome_arquivo,titulo,label
20120904-MONOGRAFIA_0.txt,Estudo Tecnológico e Modelagem Reacional para Processo Fischer-Tropsch com Gás Natural,downstream
20121011-MONOGRAFIA_0 (2).txt,ESTUDOS AMBIENTAIS NAS ÁREAS DE ATUAÇÃO DA INDÚSTRIA DO PETRÓLEO,interdisciplinar
20121011-MONOGRAFIA_0.txt,A CONTRIBUIÇÃO DOS BIOMARCADORES  NA GEOQUÍMICA MARINHA,interdisciplinar
20121011-TESEMSC_0 (2).txt,"AVALIAÇÃO DO IMPACTO DA ATIVIDADE SÍSMICA SOBRE A CAPTURA DE PEIXES ATRAVÉS DE MONITORAMENTO DE DESEMBARQUE PESQUEIRO: UM ESTUDO DE CASO NO LITORAL DO  RIO DE JANEIRO, BRASIL",upstream
20121011-TESEMSC_0.txt,Avaliação da Inﬂuência da Variabilidade Temporal do Vento noTransporte e Formação dos Processos de Mesoescala da Corrente do Brasil,interdisciplinar
20121015-TESEMSC_0.txt,"DIAGNÓSTICO AMBIENTAL DO CONE DO RIO GRANDE – BACIA DE PELOTAS, RS",interdisciplinar
20121105-MONOGRAFIA_0.txt,MODELO DE PREVISÃO DE DEMANDA POR COMBUSTÍVEIS AUTOMOTIVOS NO BRASIL,downstream
20121105-TESEMSC_0 (1).txt,INFLUÊNCIA DE PAR ÂMETROS GEOMÉTRICOS NA RESISTÊNCIA AOCOLAPSO E À FADIGA DE CASCAS CILÍNDRICAS REFORÇADAS SOBPRESSÃO EXTERNA,upstream
20121105-TESEMSC_0.txt,ADAPTAÇÃO REGULATÓRIA NA INDÚSTRIA DE BIOCOMBUSTÍVEIS,downstream
20121107-TESEMSC_0.txt,"EXTRAÇÃO, PURIFICAÇÃO E IMOBILIZAÇÃO DE LIPASES VEGETAIS DESTINADAS À SÍNTESE DE BIODIESEL E ÉSTERES",downstream
20121113-TESEMSC_0.txt,SIMULAÇÃO DINÂMICA DO PROCESSO DE DESTILAÇÃO DE BIOETANOL EM SIMULADOR BASEADO EM EQUAÇÕES (EMSO),downstream
20121119-TESEMSC_0.txt,PRODUÇÃO DE ETANOL E HIDROLISADO PROTÉICO DA CASCA DE SOJA,downstream
20121130-MONOGRAFIA_0.txt,ANÁLISE DE SISTEMAS DE COGERAÇÃO “ANÁLISE DE SISTEMAS DE COGERAÇÃO EM INSTALAÇÕES OFFSHOREEM INSTALAÇÕES OFFSHORE UTILIZANDO MOTORES DUAL FUEL E TURBINAS A GÁS”,upstream
20121206-TESEDSC_1.txt,INTEGRAÇÃO DE TÉCNICAS COMPUTACIONAIS COMO CONTRIBUIÇÃO PARA O MAPEAMENTO DOS ÍNDICES DE SENSIBILIDADE FLUVIAL A DERRAMES DE ÓLEO NA REGIÃO DE COARI (AM),interdisciplinar
20121217-MONOGRAFIA_0.txt,Controle Avançado de Técnicas de Perfuração com Pressão Controlada,upstream
20121220-MONOGRAFIA_0.txt,ESTUDO REOLÓGICO DE FLUIDOS DE PERFURAÇÃO EM  DIFERENTES TEMPERATURAS,upstream
20130226-TESEMSC_0.txt,Síntese por electrospinning e caracterização microestrutural de fibras de óxido de cério dopadas com cobre para combustão catalítica de metano ,downstream
20130320-TESEMSC_0.txt,Caracterização de águas produzidas provenientes de campos petrolíferos onshore do estado de Sergipe,upstream
20130513-TESEMSC_0.txt,VALIDAÇÃO DE UM ALGORITMO NÃO LINEAR PARA SIMULAÇÕESNUMÉRICAS NO DOMÍNIO DO TEMPO DE MOVIMENTOS DE CORPOS EMPRESENÇA DE ONDAS,upstream
20130607-TESEMSC_0.txt,CONTROLE DE VIBRAÇÕES MECÂNICAS TIPO “STICK-SLIP” EM COLUNAS DE PERFURAÇÃO,upstream
20131018-MONOGRAFIA_0 (2).txt,Remoção de metais da água de produção utilizando tensoativo,upstream
20131018-MONOGRAFIA_0.txt,Avaliação do desempenho e das emissões de um motor ciclo Diesel utilizando sistemas; Diesel/Água/Biodiesel/Óleo Vegetal,downstream
20131018-TESEMSC_0.txt,MODELAGEM E SIMULAÇÃO DA SOLUBILIZAÇÃO DA PARAFINA EM TUBOS CIRCULARES E EM REGIME LAMINAR,downstream
20131205-TESEMSC_0.txt,Obtenção por electrospinning e caracterização de fibras nanoestruturadas de TiO2 e sua aplicação fotocatalítica,interdisciplinar
20131211-MONOGRAFIA_0.txt,ESTUDO PRELIMINAR DA DEPOSIÇÃO DE FILMES DUROS POR PLASMA EM INSERTOS DE METAL DURO,interdisciplinar
20140128-TESEMSC_0.txt,O PROBLEMA DO EFEITO DE BORDA NA DETERMINAÇÃO DA PROFUNDIDADE DE FONTES DE CAMPOS POTENCIAIS CONTINUADOS ESCALADOS E DE SUAS DERIVADAS VERTICAIS,interdisciplinar
20140218-MONOGRAFIA_0.txt,ANÁLISE E MODELAGEM REOLÓGICA DA INTERAÇÃODE SISTEMAS POLIMÉRICOS,downstream
20140218-TESEMSC_0.txt,NANOEMULSÕES APLICADAS À RECUPERAÇÃO AVANÇADA DE PETRÓLEO,upstream
20140220-MONOGRAFIA_0.txt,"Obtenção de Microemulsão, Utilizando Nonilfenoletoxilado, Empregada na preparação de um Fluido de Perfuração Base Óleo: Avaliação das Propriedades Reológicas",upstream
20140227-MONOGRAFIA_0.txt,Obtenção de Emulsões Asfálticas Modificadas com Vermiculita,downstream
20140327-TESEMSC_0 (1).txt,AVALIAÇÃO DA TOXIDEZ E POTENCIAL DE FITORREMEDIAÇÃO DA ÁGUA DE PRODUÇÃO DE PETRÓLEO SALINA PELA HALÓFITA,upstream
20140327-TESEMSC_0 (2).txt,DETERMINAÇÃO DA ZONA DE EXCLUSÃO PARA AS ATIVIDADES DE PESQUISA E DESENVOLVIMENTO (P&D) DE PETRÓLEO NA REGIÃO DO BANCO DE ABROLHOS E ADJACÊNCIAS,interdisciplinar
20140327-TESEMSC_0.txt,A GOVERNANÇA AMBIENTAL DA PREVENÇÃO E CONTROLE DE INCIDENTES COM ÓLEO NAS ATIVIDADES MARÍTIMAS DE PETRÓLEO NO BRASIL,upstream
20140331-TESEDSC_0.txt,"MODELAGEM E SIMULAÇÃO PARA ENGENHARIA DE SISTEMAS: ACONDICIONAMENTO DE ELETRÔNICOS, NAVIOS ELÉTRICOS E FOTOBIORREATORES",upstream
20140404-MONOGRAFIA_0.txt,INVERSÃO TRANSICIONAL DE EMULSÕES FORMADAS A PARTIR DE PETRÓLEO E ÁGUA DE PRODUÇÃO,upstream
20140404-TESEMSC_0.txt,EQUILÍBRIO LÍQUIDO-VAPOR (ELV) E LÍQUIDO-LÍQUIDO (ELL) DE SISTEMAS DO BIODIESEL: DADOS (BINÁRIO E TERNÁRIO) E AVALIAÇÃO DOS PARÂMETROS DOS MODELOS TERMODINÂMICOS,downstream
20140530-MONOGRAFIA_0.txt,ESTUDO DA UTILIZAÇÃO DE BIODIESEL DE CANA-DE-AÇÚCAR (2ª GERAÇÃO) EM MOTORES DIESEL,downstream
20140530-TESEMSC_0.txt,ESTUDO COMPUTACIONAL DA GASEIFICAÇÃO DE BAGAÇO DE CANA-DE-AÇÚCAR EM UM REATOR DE LEITO FLUIDIZADO,downstream
20140609-MONOGRAFIA_0.txt,RECUPERAÇÃO AVANÇADA DO PETRÓLEO EM MEIO POROSO ATRAVÉS DE SOLUÇÕES POLIMÉRICAS,upstream
20140804-MONOGRAFIA_0 (2).txt,Estudo das Condições Necessárias para o Estabelecimento de um Campo para Atividades Didáticas de Exploração e Produção,upstream
20140804-MONOGRAFIA_0 (3).txt,"Verificação da eficiência no uso de diferentes floculantesem culturas de Chlorella sp., para otimização do processode coleta de biomassa visando a produção de biodiesel",downstream
20140804-MONOGRAFIA_0.txt,A GEOPOLÍTICA PETROLEIRA DO MERCOSUL COM A ENTRADA DA VENEZUELA: CONTINUIDADE OU MUDANÇA?,upstream
20140811-MONOGRAFIA_0.txt,MODELAGEM COMPUTACIONAL DA INTERAÇÃO ENTRE O SOLO MARINHO E A LINHA DE ANCORAGEM ENTERRADA,upstream
20140827-MONOGRAFIA_0.txt,Extração de Cloretos em Cascalho de Petróleo Utilizando Microemulsões,upstream
20140904-TESEDSC_0.txt,Interpretação Aeromagnética Sobre Áreas Proximais das Bacias de Campos e Santos Utilizando Inversão Compacta,upstream
20140905-MONOGRAFIA_0 (1).txt,DESENVOLVIMENTO DE UM EQUIPAMENTO MISTURADOR DE ESCOAMENTO MULTIFÁSICO PARA INDÚSTRIA DE PETRÓLEO E GÁS,upstream
20140905-MONOGRAFIA_0.txt,Construção   de   Dinamômetro   para   avaliação   de   carregamentos   na   manufatura   de   componentes   para   a   Indústria   do   Petróleo,downstream
20140905-TESEMSC_0.txt,Marcadores metálicos como avaliação de impacto de emissões petroquímicas em zona urbana,downstream
20140908-MONOGRAFIA_0.txt,"&(cid:3)(cid:8)(cid:20)(cid:12)""’(cid:14)(cid:1)((cid:8)(cid:4))(cid:7)(cid:9)(cid:18)(cid:4)(cid:20)(cid:12)(cid:20)(cid:7)(cid:1)&(cid:7)(cid:20)(cid:7)(cid:9)(cid:12)(cid:29)(cid:1)(cid:20)(cid:7)(cid:1)(cid:30)(cid:4)(cid:14)(cid:1)(cid:31)(cid:9)(cid:12)(cid:8)(cid:20)(cid:7) &(cid:3)(cid:8)(ci",interdisciplinar
20140908-TESEMSC_0 (1).txt,RESPOSTA DA BAÍA DE GUANABARA A EVENTOS EXTREMOS,interdisciplinar
20140908-TESEMSC_0.txt,O USO DA ESPÉCIE Callinectes sapidus NA AVALIAÇÃO DA CONTAMINAÇÃO DA FRAÇÃO BIODISPONÍVEL DE HIDROCARBONETOS ,interdisciplinar
20140910-MONOGRAFIA_0 (4).txt,ESTUDO DA INFLUÊNCIA DO LINEAMENTO TIBAGI E SINCLINAL DE TORRES NA ESTRUTURAÇÃO DA PORÇÃO NORTE DA BACIA DE PELOTAS,upstream
20140910-MONOGRAFIA_0 (5).txt,RADÔNIO COMO INDICADOR DE CONTAMINAÇÃO DE SOLOS POR HIDROCARBONETOS,interdisciplinar
20140910-MONOGRAFIA_0 (6).txt,SELEÇÃO DE BACTÉRIAS FENOLOLÍTICAS PARA TRATAMENTO DE EFLUENTES DE REFINARIAS   DE PETRÓLEO,downstream
20140910-MONOGRAFIA_0 (7).txt,SENSIBILIDADE AMBIENTAL FLUVIAL A DERRAMES DE ÓLEO E BIOCOMBUSTÍVEL: VULNERABILIDADE E IMPACTOS À MASTOFAUNA,interdisciplinar
20140910-MONOGRAFIA_0.txt,AVALIAÇÃO DO MÉTODO DE CLASSIFICAÇÃO BASEADA NO OBJETO EM IMAGENS DE ALTA RESOLUÇÃO ESPACIAL APLICADO PARA O MONITORAMENTO DE FAIXA DE DUTOS: ESTUDO DE CASO NO ENTORNO DA REFINARIA DE CAPUAVA EM MAUÁ – SP.,downstream
20140910-TESEMSC_0.txt,COMPORTAMENTO DAS CASCATAS DE ENERGIA EM HIDRODINÂMICA PARA A COMPREENSÃO DO FLUXO DE PETRÓLEO EM RESERVATÓRIOS,upstream
20140911-MONOGRAFIA_0.txt,CORRELAÇÃO GEOQUÍMICA ENTRE ÓLEOS BRASILEIROSATRAVÉS DA ANÁLISE DE BIOMARCADORES NEUTROS E ÁCIDOS,upstream
20140911-MONOGRAFIA_1.txt,DISTRIBUIÇÃO FACIOLÓGICA DA BACIA DE PELOTAS,interdisciplinar
20140912-MONOGRAFIA_1.txt,Determinação da Curva Elastoplástica dePVDF pelo Modelo de Tvergaard,interdisciplinar
20140915-MONOGRAFIA_0 (1).txt,INFLUÊNCIA DA OVALIZAÇÃO NA RESISTÊNCIA AO COLAPSO DE TUBOS DE REVESTIMENTO: UM ESTUDO NUMÉRICO,interdisciplinar
20140915-MONOGRAFIA_0 (2).txt,MODELAGEM E CONTROLE DE UM SEPARADOR TRIFÁSICO,upstream
20140915-MONOGRAFIA_0 (3).txt,TRATAMENTO DE ÁGUA DE PRODUÇÃO DO PETRÓLEO VIA FLOTAÇÃO,upstream
20140915-MONOGRAFIA_0.txt,ANÁLISE DA ESTABILIDADE DE POÇOS VERTICAIS  DE PETRÓLEO ATRAVÉS DO MÉTODO DOS  ELEMENTOS FINITOS,upstream
20140915-TESEDSC_0 (1).txt,SOLUÇÃO NUMÉRICA DAS EQUAÇÕES DE EULER 3D COMPRESSÍVEIS EM AMBIENTE DE COMPUTAÇÃO PARALELA DE MEMÓRIA DISTRIBUÍDA ATRAVÉS DE UMA FORMULAÇÃO ESTABILIZADA DE ELEMENTOS FINITOS,interdisciplinar
20140915-TESEDSC_0 (2).txt,UMA NOVA PROPOSTA PARA O MÉTODO DO BACKSTRIPPING FLEXURAL 3D COM APLICAÇÃO NA BACIA DE CAMAMU – ALMADA,upstream
20140915-TESEDSC_0.txt,CLASSIFICAÇÃO FUZZY APLICADA A DADOS DE GEOQUÍMICA DE  SUPERFÍCIE DA BACIA DE SANTOS,upstream
20140915-TESEMSC_0 (1).txt,"MAPEAMENTO MULTI-TEMPORAL DA SENSIBILIDADE AMBIENTAL A DERRAMES DE ÓLEO EM ÁREAS INUNDADAS NA REGIÃO DOS RIOS URUCU E ARAUÃ, AMAZÔNIA CENTRAL, UTILIZANDO IMAGENS DO SATÉLITE RADARSAT-1",interdisciplinar
20140915-TESEMSC_0.txt,ESTUDO DO COMPORTAMENTO ESTRUTURAL DE MANGOTES DE DESCARGA (OFFLOADING),upstream
20140916-MONOGRAFIA_0 (1).txt,ANÁLISE DE FADIGA EM RISERS RÍGIDOS TIPO CATENÁRIA SUBMETIDOS A CARREGAMENTOS DE ONDA E CORRENTE,upstream
20140916-MONOGRAFIA_0 (2).txt,CLASSIFICAÇÃO DE FALHAS GEOLÓGICAS EM DADOS SÍSMICOS USANDO CORRELOGRAMA E APRENDIZADO DE MÁQUINA,upstream
20140916-MONOGRAFIA_0 (3).txt,FADIGA DE PAINÉIS PLANOS DANIFICADOS DE NAVIOS PLATAFORMAS DE PRODUÇÃO,upstream
20140916-MONOGRAFIA_0.txt,ANÁLISE DE COLAPSO DE TUBOS BASE DE CONTENÇÃO DE AREIA,upstream
20140916-MONOGRAFIA_1.txt,"ANÁLISE DE FADIGA EM ESTRUTURAS OFFSHORE TIPO UNIDADE FLUTUANTE DE PRODUÇÃO, ARMAZENAMENTO E TRANSFERÊNCIA (FPSO)",upstream
20140916-TESEDSC_0.txt,"DISTRIBUIÇÃO DE HPAS E AVALIAÇÃO GEOMICROBIOLÓGICA NO MANGUEZAL DE SURUÍ, BAÍA DE GUANABARA, RJ, BRASIL",interdisciplinar
20140916-TESEMSC_0.txt,ANÁLISE ESTOCÁSTICA DA RESPOSTA ANALÍTICA DE RISER VERTICAL ANCORADO POR AMARRAS,upstream
20140916-TESEMSC_1.txt,COMPARAÇÃO DA PREVISÃO DO COMPORTAMENTO DE RESERVATÓRIOS DE PETRÓLEO COM HETEROGENEIDADES ESTRUTURAIS UTILIZANDO A EQUAÇÃO DO BALANÇO DE MATERIAIS E SIMULAÇÃO NUMÉRICA,upstream
20140917-MONOGRAFIA_0 (1).txt,DETECÇÃO DE FALHAS GEOLÓGICA EM DADOS SÍSMICO USANDO COVARIOGRAMA E APRENDIZADO DE MÁQUINA,upstream
20140917-MONOGRAFIA_0 (2).txt,DETECÇÃO DE FALHAS GEOLÓGICA EM DADOS SÍSMICO USANDO SEMIVARIOGRAMA E APRENDIZADO DE MÁQUINA,upstream
20140917-MONOGRAFIA_0 (3).txt,ELETROCATALISADORES À BASE DE COMPLEXOS METÁLICOS SUPORTADOS EM NANOPARTÍCULAS DE CARBONO PARA A REDUÇÃO DO OXIGÊNIO MOLECULAR,interdisciplinar
20140917-MONOGRAFIA_0 (4).txt,ESTUDO AVALIATIVO DA REUTILIZAÇÃO E RECUPERAÇÃO DOS LÍQUIDOS IÔNICOS EMPREGADOS NA PURIFICAÇÃO DO BIODIESEL,downstream
20140917-MONOGRAFIA_0 (5).txt,FREQUÊNCIA NATURAL DE VIBRAÇÃO DE DUTOS SUBMARINOS EM VÃOS LIVRES,upstream
20140917-MONOGRAFIA_0 (6).txt,Síntese de éteres de glicerina utilizando como catalisador o polietileno de alta densidade sulfonado,downstream
20140917-MONOGRAFIA_0.txt,ANÁLISE NÃO-LINEAR DE BEND STIFFENERS,upstream
20140922-MONOGRAFIA_0 (1).txt,DESENVOLVIMENTO DE UMA FERRAMENTA PARA CONTROLE DE VELOCIDADE EM PIGs.,interdisciplinar
20140922-MONOGRAFIA_0 (2).txt,Estudo da injeção continua de vapor em reservatório,upstream
20140922-MONOGRAFIA_0 (3).txt,INJEÇÃO DE CO2 EM RESERVATÓRIOS DE ÓLEOS LEVES COM CARACTERÍSTICAS DO NORDESTE BRASILEIRO,upstream
20140922-MONOGRAFIA_0 (4).txt,Modelagem das equações de fluxo bidimensional para reservatórios de óleo leve,upstream
20140922-MONOGRAFIA_0 (5).txt,SIMULAÇÃO DO ESCOAMENTO MONOFÁSICO DE FLUIDOS VISCOSOS EM BOMBAS CENTRÍFUGAS DA INDÚSTRIA DE PETRÓLEO,upstream
20140922-MONOGRAFIA_0 (6).txt,SISTEMA ATMOSFÉRICO DE DISPERSÃO DE ÁGUA TRATADA: ADEQUAÇÕES AMBIENTAIS E LEGISLATIVAS,interdisciplinar
20140922-MONOGRAFIA_0.txt,ANÁLISE DO ESCOAMENTO MULTIFÁSICO EM BOMBAS CENTRÍFUGAS UTILIZADAS NO MÉTODO DE ELEVAÇÃO POR BCS,upstream
20140922-TESEMSC_0 (1).txt,AVALIAÇÃO DE METODOLOGIA DE PREPARO DE AMOSTRA DE PETRÓLEO POR DIGESTÃO ÁCIDA AUXILIADA POR MICROONDAS  PARA DETERMINAÇÃO DE METAIS POR ICP-OES,interdisciplinar
20140922-TESEMSC_0 (2).txt,INFLUÊNCIA DA ADIÇÃO DE CINZA DO BAGAÇO DE CANA CALCINADA EM SISTEMAS DE PASTAS PARA CIMENTAÇÃO DE POÇOS PETROLÍFEROS,upstream
20140922-TESEMSC_0.txt,ANÁLISE DA MODELAGEM EXPERIMENTAL DA PERDA DE INJETIVIDADE,upstream
20140923-MONOGRAFIA_0.txt,DESENVOLVIMENTO CONCEITUAL DE VÁLVULA COM ACIONAMENTO REMOTO PARA CONTROLE DE POÇO DE PETRÓLEO UTILIZANDO LIGAS COM MEMÓRIA DE FORMA.,upstream
20140923-TESEDSC_0.txt,ESTUDO DO COMPORTAMENTO VISCOPLÁSTICO DE POLÍMERO SEMICRISTALINO APLICADO NA INDÚSTRIA DO PETRÓLEO,interdisciplinar
20140924-MONOGRAFIA_0 (1).txt,METODOLOGIA DE ABERTURA DE PRÉ-TRINCA POR FADIGA PARA POLIETILENO DE ALTA DENSIDADE (PEAD),interdisciplinar
20140924-MONOGRAFIA_0 (2).txt,USO DE MISTURAS TERNÁRIAS QAV-BIODIESEL-ETANOL EM TURBINAS A GÁS,downstream
20140924-MONOGRAFIA_0.txt,PROCESSAMENTO DE PVDF HOMOPOLÍMERO VIA MOLDAGEM POR COMPRESSÃO EM DIFERENTES CONDIÇÕES.,downstream
20140924-TESEMSC_0.txt,"PROCESSAMENTO, CARACTERIZAÇÃO MECÂNICA E MICROESTRUTURAL DE CARBETO DE SILÍCIO PRODUZIDO PELO MÉTODO DE INFILTRAÇÃO COM REAÇÃO",downstream
20140925-MONOGRAFIA_0 (2).txt,FLAMBAGEM TERMOMECÂNICA DE DUTOS SUBMARINOS COM MÓDULOS DE BÓIAS,upstream
20140925-MONOGRAFIA_0.txt,AVALIAÇÃO EXPERIMENTAL DA VARIAÇÃO DA ENTROPIA DA INFORMAÇÃO DE ESCOAMENTOS EM MEIOS POROSOS,upstream
20140929-MONOGRAFIA_0.txt,CONTROLE DE VIBRAÇÕES EM DINÂMICA DE ROTORES USANDO MANCAIS DE ROLAMENTO COMPOSTO COM MATERIAL VISCOELÁSTICO,interdisciplinar
20140930-MONOGRAFIA_0.txt,VERIFICAÇÃO DA INFLUÊNCIA DO OXIGÊNIO DISSOLVIDO NA ANÁLISE DE RUÍDO ELETROQUÍMICO EM MEIOS OLEOSOS,interdisciplinar
20140930-TESEMSC_0.txt,ADSORÇÃO DE COMPOSTOS SULFURADOS E NITROGENADOS DO ÓLEODIESEL EM COLUNA DE CARVÃO ATIVADO,downstream
20141001-MONOGRAFIA_0.txt,CATALISADOR PARA PRODUÇÃO DE HIDROGÊNIO POR REFORMA DE ETANOL,downstream
20141003-MONOGRAFIA_0.txt,CONTROLE DE MATERIAL PARTICULADO PROVENIENTE DA INDÚSTRIA SUCROALCOOLEIRA ,downstream
20141015-MONOGRAFIA_0.txt,USO EFICIENTE DE BIOGÁS DE ESGOTO EM MOTORES GERADORES,downstream
20141015-MONOGRAFIA_1 (1).txt,DESENVOLVIMENTO DE NOVOS ADSORVENTES PARA APLICAÇÃO NA SEPARAÇÃO DOS ISÔMEROS DO XILENO,interdisciplinar
20141015-MONOGRAFIA_1 (2).txt,ESTUDO EXPERIMENTAL DO USO DE MISTURAS DE BIOCOMBUSTÍVEIS EM UM MOTOR CFR/ASTM ,downstream
20141015-MONOGRAFIA_1 (4).txt,FABRICAÇÃO POR FOTOLITOGRAFIA E ANÁLISE DE MICRORREATORES PARA SÍNTESE DO BIODIESEL,downstream
20141015-MONOGRAFIA_1 (5).txt,RECUPERAÇÃO E TESTE DE UM DINAMÔMETRO PARA ENSAIO DE MOTORES DE COMBUSTÃO INTERNA A BIOCOMBUSTÍVEIS,downstream
20141015-MONOGRAFIA_1 (6).txt,Remoção do óleo em água produzida por filtração em meio poroso utilizando tensoativo,upstream
20141015-MONOGRAFIA_1 (8).txt,TERMOECONOMIA APLICADA À ANÁLISE E OTIMIZAÇÃO DE SISTEMAS DE COGERAÇÃO A BIOGÁS,downstream
20141015-MONOGRAFIA_1 (9).txt,USO DO BIODIESEL EM MOTORES MARÍTIMOS PARA A NAVEGAÇÃO,downstream
20141015-MONOGRAFIA_1.txt,ANÁLISE ESTRUTURAL DE CILINDROS REVESTIDOS DE COMPÓSITOSPARA ARMAZENAMENTO DE GNV.,downstream
20141015-TESEMSC_1 (1).txt,MORFOLOGIA DE BOLHAS ISOLADAS EM  ESCOAMENTOS PISTONADOS HORIZONTAIS,interdisciplinar
20141015-TESEMSC_1.txt,ANÁLISE DE ESCOAMENTOS REATIVOS DE BIOCOMBUSTÍVEIS EM DUTOS,downstream
20141016-MONOGRAFIA_0.txt,AVALIAÇÃO DO SISTEMA DE MEDIÇÃO DE EMPUXO EM TURBINAS A GÁS USANDO BIOCOMBUSTÍVEIS,downstream
20141017-TESEMSC_0.txt,INFLUÊNCIA DE ASPECTOS GEOMÉTRICOS NA HIDRODINÂMICA E TRANSFERÊNCIA DE OXIGÊNIO DE BIORREATORES AIRLIFT DE CIRCULAÇÃO INTERNA,downstream
20141023-MONOGRAFIA_0.txt,ANÁLISE DA INTEGRIDADE ESTRUTURAL DA COLUNA DE UMA PLATAFORMA SEMI-SUBMERSÍVEL SUBMETIDA À COLISÃO COM UM NAVIO DO TIPO SUPPLY,upstream
20141024-MONOGRAFIA_0.txt,SIMULAÇÃO DA EXTRAÇÃO DO ETANOL POR SOLVENTE ORGÂNICO E SUA RECUPERAÇÃO UTILIZANDO O SIMULADOR ASPEN PLUS®,downstream
20141027-MONOGRAFIA_0.txt,Modelagem e simulação das etapas de hidrólise e fermentação do bagaço de cana-de-açúcar no simulador EMSO,downstream
20141031-MONOGRAFIA_0 (1).txt,SISTEMA DE DETECÇÃO E DIAGNÓSTICO DE FALHA APLICADO A INSTALAÇÕES DE REFRIGERAÇÃO POR COMPRESSÃO DE VAPOR,downstream
20141031-MONOGRAFIA_0 (2).txt,VARIABILIDADE ESPAÇO-TEMPORAL DA CONCENTRAÇÃO DE CLOROFILA-A NA PLATAFORMA CONTINENTAL DAS BACIAS DE CAMPOS E DO ESPÍRITO,interdisciplinar
20141031-MONOGRAFIA_0.txt,PARAMETRIZAÇÃO PARA A SOLDAGEM DO AÇO API 5L X70 PELO PROCESSO ARAME TUBULAR COM PROTEÇÃO GASOSA,interdisciplinar
20141110-MONOGRAFIA_0.txt,CARTA DE SENSIBILIDADE AMBIENTAL PARA A PORÇÃO NORTE DA BACIA DE PELOTA,interdisciplinar
20141113-TESEMSC_0 (1).txt,EFEITOS HISTOPATOLÓGICOS DA EXPOSIÇÃO CRÔNICA DE LARVAS DO PEIXE-REI MARINHO Odontesthes argentinensis À FRAÇÃO SOLÚVEL DO PETRÓLEO EM ÁGUA (FSA),interdisciplinar
20141113-TESEMSC_0.txt,"EFEITO AGUDO E AVALIAÇÃO HISTOPATOLÓGICA DE LARVAS DO PEIXE-REI MARINHO Odontesthes argentinensis EXPOSTAS À FRAÇÃO SOLÚVEL DO PETRÓLEO, DIESEL E GASOLINA EM ÁGUA",interdisciplinar
20141119-TESEDSC_1.txt,O PAPEL DO PROGRAMA NACIONAL DE PRODUÇÃO E USO DE BIODIESEL COMO INSTRUMENTO DE POLÍTICA DE REDUÇÃO DAS DESIGUALDADES REGIONAIS BRASILEIRAS,downstream
20141125-MONOGRAFIA_0.txt,Análise da Operação e do Projeto de Riser em Configuração de Catenária para Aplicações em Águas Ultraprofundas,upstream
20141125-TESEMSC_0.txt,INTEGRAÇÃO DE DADOS DE POÇOS E MÉTODOS GEOESTATÍSTICOS PARA A MODELAGEM GEOLÓGICA DO CAMPO DE NAMORADO,upstream
20141126-TESEMSC_1.txt,INTEGRAÇÃO ENTRE DADOS MORFOLOGICOS DO FUNDO E TERMO-HALINOS DA COLUNA D’ÁGUA DA PLATAFORMA EXTERNA E TALUDE DAS BACIAS DE PELOTAS E SANTOS EM UM SIG 3D,upstream
20141201-TESEDSC_0.txt,CULTIVO DA MICROALGA MARINHA Nannochloropsis oculata,interdisciplinar
20141205-TESEDSC_1.txt,DESIDRATAÇÃO OXIDATIVA DO GLICEROL SOBRE CATALISADORES METÁLICOS SUPORTADOS EM FOSFATO E ÓXIDO DE NIÓBIO: FORMAÇÃO DE ACROLEÍNA E ÁCIDO ACRÍLICO,downstream
20141209-TESEDSC_0.txt,Estudo do Comportamento PVT de Misturas de Metano e Fluidos de Perfuração Base Éster,upstream
20141209-TESEMSC_0 (1).txt,Estudo experimental da repartida assistida com água de uma linha de coreflow de óleo pesado-água,upstream
20141209-TESEMSC_0 (2).txt,Influência da Argila na Invasão de Fluidos de Perfuração em Reservatórios de Petróleo,upstream
20141209-TESEMSC_0 (3).txt,Injeção de Vapor e Nitrogênio na Recuperação  Melhorada de Óleo Pesado,upstream
20141209-TESEMSC_0 (4).txt,Invasão de fluidos de perfuração e fluxo reverso de óleo em reservatórios de arenito e de carbonato,upstream
20141210-MONOGRAFIA_0 (1).txt,Controle Ativo de Embarcações com Posicionamento Dinâmico Durante a Operação de Reentrada em Águas Ultraprofundas,upstream
20141210-MONOGRAFIA_0 (2).txt,Estudos de um Riser Híbrido Autossustentado,upstream
20141210-MONOGRAFIA_0 (3).txt,"Simulação bidimensional de escoamento de um fluido incompressível ao redor de uma seção circular, utilizando CFD.",interdisciplinar
20141210-MONOGRAFIA_0.txt,ARENITOS ASFÁLTICOS DA BORDA LESTE DA BACIA DO PARANÁ: FATORES ESTRATIGRÁFICOS E ESTRUTURAIS RELACIONADOS À ACUMULAÇÃO DE ÓLEO EM AREN,upstream
20141210-TESEMSC_0 (1).txt,Desenvolvimento de Controladores Inteligentes para o Sistema VASPS,upstream
20141210-TESEMSC_0 (2).txt,Estudo Experimental Sobre Recuperação de Óleo Pesado através da Combustão In-Situ,upstream
20141210-TESEMSC_0.txt,Comportamento Dinâmico de Riser Rígido em Catenária Devido à Vibração Induzida por Vórtices em Águas Profundas                ,upstream
20141222-TESEDSC_0.txt,AJUSTE DE HISTÓRICO INTEGRADO À CARACTERIZAÇÃO DE RESERVATÓRIOS DE PETRÓLEO E SÍSMICA 4D,upstream
20150115-MONOGRAFIA_0.txt,ESTUDO E CARACTERIZAÇÃO DE ASFALTENOS DE PETRÓLEOS BRASILEIROS,interdisciplinar
20150121-MONOGRAFIA_0 (1).txt,Obtenção de Derivados Oxigenados do Glicerol de Potencial Uso como Aditivos para Combustíveis,downstream
20150121-MONOGRAFIA_0.txt,Desenvolvimento e validação de metodologia de análise de misturas biodiesel:diesel utilizando cromatografia em fase gasosa acoplada à espectrometria de massas,downstream
20150121-TESEMSC_0 (1).txt,ESTUDO DE FATORES DE VIRULÊNCIA E DE ESTRESSE OXIDATIVO NA PRODUÇÃO DE BIOSSURFACTANTE DO TIPO RAMNOLIPÍDEO POR Pseudomonas aeruginosa PA1,interdisciplinar
20150121-TESEMSC_0 (2).txt,Utilização de Polímeros Quimicamente Modificados como Aditivos para Fluidos de Perfuração de Base Aquosa,upstream
20150121-TESEMSC_0.txt,DIENOS CONJUGADOS EM GASOLINA: ESTUDO COMPARATIVO ENTRE MÉTODOS NA SUA DETERMINAÇÃO QUANTITATIVA ,downstream
20150122-MONOGRAFIA_0 (1).txt,DESENVOLVIMENTO DE NOVO ENSAIO DE AVALIAÇÃO E INIBIDORES DO ENCERAMENTO DE BROCA DE PERFURAÇÃO DE POÇOS DE PETRÓLEO,upstream
20150122-MONOGRAFIA_0 (2).txt,Desenvolvimento de um material avançado para aplicação como eletrólito de célula combustível do tipo PEM: Uma nova opção para o uso de gás.,downstream
20150122-MONOGRAFIA_0 (3).txt,DETERMINAÇÃO DE ACIDEZ FORTE EM AMOSTRAS DE ÓLEO DIESEL,downstream
20150122-MONOGRAFIA_0 (4).txt,Síntese de Dimetil Éter a Partir de Halometano,downstream
20150122-MONOGRAFIA_0.txt,PREPARAÇÃO DE ANODOS PARA PILHAS DE CÉLULAS A COMBUSTÍVEL USANDO CATALISADORES BIMETÁLICOS DE PLATINA,interdisciplinar
20150123-MONOGRAFIA_0 (1).txt,Hidrogenação de benzeno catalisada por molibdênio carburado suportado em zeólitas Y   desaluminizadas,downstream
20150123-MONOGRAFIA_0.txt,Determinação da Adulteração do Álcool Etílico Anidro Combustível por Metanol,downstream
20150126-MONOGRAFIA_0 (2).txt,EFEITO DA TEMPERATURA E  PRESENÇA DE METAIS NA ESTABILIDADE DO BIODIESEL,downstream
20150126-MONOGRAFIA_0 (3).txt,Estudo da influência da perda de coesão na estabilidade de taludes utilizando o métodos dos elementos discretos,interdisciplinar
20150126-MONOGRAFIA_0 (4).txt,PRODUÇÃO DE LIPASES DE ASPERGILLUS PARASITICUS POR FERMENTAÇÃO NO ESTADO SÓLIDO,downstream
20150126-MONOGRAFIA_0.txt,Calibração dos parâmetros do método dos elementos discretos para modelos simplificados de corrida de detritos,interdisciplinar
20150126-TESEDSC_0.txt,Aplicação da enzima cloroperoxidase de Caldariomyces fumago na degradação oxidativa de clorofenóis e compostos fenólicos de águas residuárias de refinaria.,downstream
20150127-TESEMSC_1.txt,ESTUDO DAS INTERAÇÕES ROCHA – FLUIDO DE PERFURAÇÃO QUE CONTRIBUEM PARA A INSTABILIDADE DOS POÇOS DE PETRÓLEO,upstream
20150210-TESEDSC_0.txt,ESTUDO DA RESISTÊNCIA À CORROSÃO NAFTÊNICA DE REVESTIMENTOS Nb/Mo DEPOSITADOS POR ASPERSÃO TÉRMICA,downstream
20150225-TESEMSC_1.txt,Filmes de espinélio de manganês-cobalto aplicado sobre aço inoxidável ferrítico para aplicação como interconector em células a combustível do tipo ITSOFC ,interdisciplinar
20150303-TESEDSC_0.txt,ANÁLISE ENTRE PROCESSOS E MATÉRIAS-PRIMAS PARA A PRODUÇÃO DE BIODIESEL,downstream
20150313-TESEDSC_0.txt,Modelagem e Simulação da Solubilidade de Sais em Sistemas Aquosos com Monoetilenoglicol,upstream
20150325-MONOGRAFIA_0.txt,ESTIMATIVA INVERSA BAYESIANA DA TAXA DE LIBERAÇÃO DE CALOR DE UM MOTOR MARÍTIMO DIESEL USANDO FILTROS DE PARTÍCULAS PARA A ANÁLISE DA COMBUSTÃO E DE SUAS FASES,downstream
20150326-MONOGRAFIA_0 (1).txt,ANÁLISE DO DESEMPENHO DE UNIDADES DE BOMBEIO MECÂNICO,upstream
20150326-MONOGRAFIA_0 (2).txt,DIMENSIONAMENTO DE VASOS SEPARADORES DE PETRÓLEO,upstream
20150326-MONOGRAFIA_0 (3).txt,O Mercado de Gás Natural Veicular no município de Natal,downstream
20150326-MONOGRAFIA_0.txt,Análise da Sísmica de Reflexão como Método de Prospecção de Petróleo,upstream
20150326-MONOGRAFIA_1.txt,PROJETO DE UM SISTEMA DE MÚLTIPLOS MICRORREATORES EM PARALELO PARA SÍNTESE DE BIODIESEL POR PROCESSO CONTÍNUO,downstream
20150331-MONOGRAFIA_0 (1).txt,"QUALIDADE DO AR NA ÁREA DE INFLUÊNCIA DA USINA PRESIDENTE MÉDICI, CANDIOTA, RS",interdisciplinar
20150331-MONOGRAFIA_0.txt,Metodologia para Implantação de Sistema de Gestão da Qualidade em Laboratórios de Ensaio e Calibração,interdisciplinar
20150331-TESEMSC_0.txt,Visão computacional em meio subaquático:Um estudo sobre detecção de pontos de interessee classificação utilizando contexto.,upstream
20150401-TESEMSC_0 (1).txt,Sistema Bioinspirado para Mapeamento eLocalização de Robôs Móveis em AmbientesSubaquáticos,upstream
20150401-TESEMSC_0.txt,PROPOSTA DE SERVIÇO BASEADO EM LOCALIZAÇÃO PARA DISPOSITIVOS MÓVEIS APLICADO EM MONITORAMENTO AMBIENTAL,interdisciplinar
20150408-MONOGRAFIA_0.txt,Comparação da Produção de Biodiesel a partir dos Óleos de Soja e de Dendê com Etanol via Catálise Homogênea Alcalina,downstream
20150409-MONOGRAFIA_0 (1).txt,Simulação de um Sistema Industrial de Fracionamento de Gasolina de Pirólise Carina Oliveira Machado dos Santos,downstream
20150409-MONOGRAFIA_0.txt,Identificação  e avaliação  de alternativas  para a produção  de plásticos  convencionais  a partir  de matérias  primas  renováveis:  o caso do PET,downstream
20150409-TESEMSC_0 (1).txt,"Hidrodessulfurização de 4,6-dimetildibenzotiofeno: Efeitos do teor de fósforo em catalisadores NiMo/Al2O3 e inibição por compostos nitrogenados",downstream
20150409-TESEMSC_0 (2).txt,Modelo de Balanço Populacional Bivariado para a Simulação da Formação de Hidratos Considerando Limitações aos Transportes de Massa e de Energia,upstream
20150409-TESEMSC_0.txt,ESTUDO DO EQUILÍBRIO DE FASES DE SISTEMAS ENVOLVIDOS NA PRODUÇÃO DE BIODIESEL DE PALMA (ELAEIS GUINEENSIS) ,downstream
20150410-TESEMSC_0.txt,UTILIZAÇÃO DE RESÍDUO CATALÍTICO DE UMA UNIDADE DE CRAQUEAMENTO PETROQUÍMICO PARA FABRICAÇÃO DE BLOCOS CERÂMICOS,downstream
20150413-MONOGRAFIA_0 (1).txt,Análise de Vazamento de Óleo em Águas a Grandes Profundidades: um Estudo com Fluidodinâmica Computacional,upstream
20150413-MONOGRAFIA_0 (2).txt,Avaliação da Indústria Petroquímica no Brasil: Desenvolvimento de Modelo via Programação Matemática,downstream
20150413-MONOGRAFIA_0 (3).txt,Inibidores de Deposição Orgânica Aplicados à Garantia de Escoamento da Produção de Petróleo em Águas Profundas,upstream
20150413-MONOGRAFIA_0 (4).txt,MODELAGEM E DESENVOLVIMENTO DE UM BANCO DE DADOS DE ESCOAMENTO MULTIFÁSICO,upstream
20150413-MONOGRAFIA_0.txt,Ácido Acético: Tecnologias e Análise de Mercado,downstream
20150430-MONOGRAFIA_0 (1).txt,DESTILAÇÃO EXTRATIVA PARA A PRODUÇÃO DE ETANOL ANIDRO COM USO DA GLICERINA COMO SOLVENTE,downstream
20150430-MONOGRAFIA_0 (2).txt,Simulação da produção de etanol com simulador não comercial.,downstream
20150430-MONOGRAFIA_0.txt,Aplicação de Superestruturas na Seleção de Pré-Tratamento de Bagaço para Produção de Etanol de Segunda Geração,downstream
20150504-TESEMSC_0.txt,MIGRA ÇÃO REVERSA NO TEMPO EM MEIOS TRANSVERSALMENTE ISOTRÓPICOS,upstream
20150505-MONOGRAFIA_0.txt,Aplicação de superestruturas na integração energética de uma biorrefinaria de cana-de-açúcar,downstream
20150507-TESEDSC_0.txt,METODOLOGIA DE AVALIAÇÃO DA SUSCETIBILIDADE A INUNDAÇÕES EM ZONAS COSTEIRAS TROPICAIS POR INTEGRAÇÃO DE DADOS FISIOGRÁFICOS E DE SENSORIAMENTO REMOTO POR RADAR,interdisciplinar
20150521-TESEMSC_1.txt,HIDROTALCITAS MULTIMETÁLICAS PARA PRODUÇÃO DE GÁS DE SÍNTESE A PARTIR DO BIOGÁS,downstream
20150811-TESEMSC_0 (1).txt,O IMPACTO DA EXPORTAÇÃO DE ENERGIA ELÉTRICA DAS USINAS HIDRELÉTRICAS BINACIONAIS NO CRESCIMENTO ECONÔMICO DO P,interdisciplinar
20150811-TESEMSC_0.txt,A EMERGÊNCIA DE MODELOS DE NEGÓCIOS INOVADORES  PARA APOIAR O DESENVOLVIMENTO DA ELETRIFICAÇÃO VEIC,interdisciplinar
20150812-TESEMSC_0.txt,UM ESTUDO COMPARATIVO DOS SISTEMAS DE INOVAÇÃO DO BRASIL E DA CHINA NA ÁREA DE COMBUSTÍVEIS LÍQUIDOS ALTERNATIVOS,downstream
20150819-MONOGRAFIA_0.txt,DESCRIÇÃO DO PROCESSO E DAS FERRAMENTAS UTILIZADAS NA OPERAÇÃO DE PERFILAGEM A POÇO ABERTO,upstream
20150827-MONOGRAFIA_0 (1).txt,AVALIAÇÃO DA CORROSÃO NAFTÊNICA DE AÇOS CARBONO P5 UTILIZANDO TÉCNICA DE RUÍDO ELETROQUÍMICO,interdisciplinar
20150827-MONOGRAFIA_0 (2).txt,Interface Gráfica para Metodologia global de Controle de Vibrações em Sistemas Mecânicos: Aplicação no caso de neutralizadores hidráulicos,interdisciplinar
20150827-MONOGRAFIA_0.txt,ASPECTOS DE GARANTIA DE VAZÃO: EMULSÕES E DEPÓSITOS DE NAFTENATO DE CÁLCIO,downstream
20150902-MONOGRAFIA_0.txt,Avaliação da Resistência à Corrosão Localizada de Revestimentos Soldados com Ligas de Níquel pelo Processo MIG-Pulsado,interdisciplinar
20150902-TESEMSC_0 (1).txt,VARIAÇÃO SAZONAL DA ÁGUA CENTRAL DO ATLÂNTICO SUL NA PLATAFORMA CONTINENTAL SUDESTE BRASILEIRA AO LARGO DO ESTADO DO RIO DE JANEIRO,interdisciplinar
20150902-TESEMSC_0.txt,Modelagem e simulação da recuperação secundária em reservatórios de petróleo utilizando configuração five-spots,upstream
20150903-TESEMSC_0.txt,Estudo da reação water gás-shift reversa em microrreator capilar-proposta de escalonamento do processo,downstream
20150904-TESEMSC_0.txt,CICOLINSUPRESSÃO DA VIBRAÇÃO INDUZIDA POR VÓRTICESDE CILINDROS COM MALHA PERMEÁVEL,upstream
20150909-MONOGRAFIA_0.txt,Processo de Produção de Nanopartículas Fluorescentes,downstream
20150909-TESEMSC_0.txt,Imageamento Crustal e Litosférico no Nordeste da Bacia do Paraná por Sondagens Magnetotelúricas,upstream
20150911-MONOGRAFIA_0.txt,NOVAS FORMULAÇÕES DE COMBUSTÍVEIS BASE DIESEL MICROEMULSIONADO COM GLICERINA,downstream
20150914-MONOGRAFIA_0.txt,Análise Comparativa do Processo de Projeto Desenvolvido em dois Softwares Comerciais (NAPA  e  Maxsurf)  aplicado  a  um  Fast  Supply  Boat  (FSV)  de  deslocamento  de  alta velocidade para operar no pré-sal.,upstream
20150914-TESEMSC_0.txt,REATIVAÇÃO TECTÔNICA E ARQUITETURA DEPOSICIONAL DO SISTEMA DE ILHAS BARREIRAS DA BACIA PO,upstream
20150917-MONOGRAFIA_0 (1).txt,"PALEOCORRENTES E PALEOGEOGRAFIA DO GRUPO AREADO, CRETÁCEO INFERIOR DA BACIA SANFRANCISCANA",upstream
20150917-MONOGRAFIA_0 (2).txt,"SUCESSÃO ESTRATIGRÁFICA E TRATOS DE SISTEMAS DO MEMBRO ROMUALDO, PORÇÃO LESTE DA BACIA DO ARARIPE,  NORDESTE DO BRASIL",upstream
20150917-MONOGRAFIA_0.txt,ANÁLISE DO POTENCIAL DE MICRO-ORGANISMOS DOSGÊNEROS LECYTHOPHORA E CRYPTOCOCCUS PARA A PRODUÇÃO DE BIOCOMBUSTÍVEIS,downstream
20150917-TESEMSC_0 (1).txt,"DETERMINAÇÃO IN SITU DE METILMERCÚRIO E MERCÚRIO (II) EM SISTEMAS AQUÁTICOS  NAS PROXIMIDADES DE REFINARIAS DE PETRÓLEO, UTILIZANDO A TÉCNICA  DIFUSÃO EM FILMES FINOS POR GRADIENTE DE CONCENTRAÇÃO (DGT).",downstream
20150917-TESEMSC_0 (2).txt,UMA INTERFACE PARA O CONTROLE DE ROBÔS MÓVEIS POR INTERMÉDIO DE GESTOS,interdisciplinar
20150917-TESEMSC_0.txt,"ANÁLISE PALEOPALINOLÓGICA DO ALBIANO (CRETÁCEO INFERIOR) DA BACIA DE CAMPOS, COM ÊNFASE NO ESTUDO DE DINOFLAGELADOS",upstream
20150918-MONOGRAFIA_1.txt,AVALIAÇÃO DO DESEMPENHO NO PONTO DE PROJETO DE TURBINAS A GÁS EM OPERAÇÃO NA BACIA DE CAMPOS,upstream
20150922-TESEMSC_0 (1).txt,"SÍNTESE DE FILMES FINOS DE PbTiO3, PbZrO3 E Pb(Ti,Zr)O3 VIA SOL-GEL POLIMÉRICO E SPIN-COATING E SUA CARACTERIZAÇÃO MICROESTRUTURAL E DE PROPRIEDADES FOTOFÍSICAS ",interdisciplinar
20150922-TESEMSC_0.txt,"SÍNTESE DE FILMES FINOS DOS ÓXIDOS BaTiO3, PbTiO3 e (Ba,Pb)TiO3 VIA SOL-GEL POLIMÉRICO E SUA CARACTERIZAÇÃO MICROESTRUTURAL E DE PROPRIEDADES ÓPTICAS E ELÉTRICAS",interdisciplinar
20150923-TESEMSC_0.txt,ESTUDO DA ADSORÇÃO DO CÁLCIO E ESTRÔNCIO DA ÁGUA PRODUZIDA UTILIZANDO CARVÃO BABA,upstream
20151112-TESEDSC_0.txt,BIORREFINO DO BAGAÇO DE CANA-DE-AÇÚCAR PARA A PRODUÇÃO DE DERIVADOS FURÂNICOS,downstream
20151203-TESEDSC_0.txt,MODELAGEM MATEMÁTICA E EXPERIMENTAL DA PERDA DE INJETIVIDADE EM POÇOS CANHONEADOS,upstream
20151204-TESEMSC_0.txt,ESTUDO DA ESTABILIDADE DE FILMES DE POLI(CLORETO DE VINILA) ADITIVADO COM QUITOSANA,downstream
20151209-TESEDSC_0.txt,DESENVOLVIMENTO DE ADSORVENTES PARA REMOÇÃO DE BENZOTIOFENO,downstream
20151214-TESEMSC_0.txt,SÍNTESE DE FISCHER-TROPSCH SOBRE CATALISADORES CONVENCIONAIS E ESTRUTURADO PARA OBTENÇÃO  DE COMBUSTÍVEIS LÍQUIDOS,downstream
20151215-MONOGRAFIA_0 (1).txt,AVALIAÇÃO DA COMPOSIÇÃO DO EFLUENTE DO PROCESSO DE PRODUÇÃO DE BIODIESEL P,downstream
20151215-MONOGRAFIA_0 (2).txt,Estudo da Reação de Despolimerização do Poli(Tereftalato d,downstream
20151215-MONOGRAFIA_0 (3).txt,INSTRUMENTAÇÃO DO SISTEMA DE INJEÇÃO QUÍMICA E ESTUDO DOS PROCESSOS ENVOLVIDOS NUMA PLATAFORMA DE PRODUÇÃO DE PETRÓLEO OFFSHORE  ,upstream
20151215-MONOGRAFIA_0 (5).txt,MONITORAMENTO DO PROCESSO DE PRODUÇÃO DE BIODIESEL EMPREGANDO A ESPECTROSCOPIA NO INFRAVERMELHO PRÓXIMO.,downstream
20151215-MONOGRAFIA_0.txt,AVALIAÇÃO DE MODELOS CINÉTICOS PARA A SIMULAÇÃO DO PROCESSO DE PRODUÇÃO DOBIODIESEL UTILIZANDO O SIMULADOR ASPEN,downstream
20151222-TESEMSC_0.txt,Processo De Flotação Com Recirculação Interna Aplicado À Separação Petróleo-Água,upstream
20160229-MONOGRAFIA_0.txt,ANÁLISE DA PRODUÇÃO DE ÓLEO EM ROCHAS CARBONÁTICAS DE DIFERENTES ESCALAS PARA DISTINTOS CENÁRIOS DE MOLHABILIDADE UTILIZANDO SIMULAÇÃO NUMÉRICA BIDIMENSIONAL,upstream
20160602-MONOGRAFIA_0 (1).txt,"ANÁLISE MULTICRITERIAL PONDERADA NO ESTUDO  DE SUSCETIBILIDADE  EROSIVA  NO ENTORNO DE DUTOS;  ESTUDO  DE CASO:  DUTO ORBEL, RIO DE JANEIRO",downstream
20160602-MONOGRAFIA_0 (3).txt,"CARACTERIZAÇÃO DO PADRÃO ESTRUTURAL DA FORMAÇÃO IRATI (PERMIANO) APLICADA À MIGRAÇÃO DE HIDROCARBONETOS NA BACIA DO PARANÁ, REGIÃO DE RIO CLARO E IPEÚNA (SP)",upstream
20160602-MONOGRAFIA_0 (4).txt,Estudo de Prospecção Tecnológica do “Diesel Renovável” como uma Fonte de Combustível Sustentável,downstream
20160602-MONOGRAFIA_0 (5).txt,Reuso de CO2 e Vinhoto Emitidos na  Indústria de Bioetanol para Produção de Biocombustíveis e PUFA,downstream
20160602-MONOGRAFIA_0 (6).txt,TRATAMENTO DE EFLUENTE DE REFINARIA UTILIZANDO CARVÃO ATIVADO: AVALIAÇÃO DA EFICIÊNCIA E PREVISÃO DE IMPACTOS DO PROCESSO,downstream
20160602-MONOGRAFIA_0 (7).txt,Tratamento Terciário de Efluentes de Refinaria de Petróleo com Carvão Ativado em Pó Visando Seu Reúso,downstream
20160602-MONOGRAFIA_0 (8).txt,"Viabilidade técnica, econômica e ambiental de processo de reuso Offshore de CO2 de Gás Natural por Reforma a Seco",upstream
20160602-MONOGRAFIA_0.txt,AJUSTE DE MODELOS MATEMÁTICOS DE PREVISÃO DE GERAÇÃO DE METANO PARA ANÁLISE DA VIABILIDADE ECONÔMICA DO APROVEITAMENTO ENERGÉTICO DO BIOGÁS GERADO NO ATERRO MUNICIPAL DE RIO CLARO – SP,downstream
20160602-TESEDSC_0.txt,AVALIAÇÃO E IDENTIFICAÇÃO DE TOXICIDADE (AIT) EM EFLUENTE DE UMA REFINARIA DE PETRÓLEO VISANDO À REMOÇÃO DE TOXICIDADE CRÔNICA   ,downstream
20160602-TESEMSC_0 (1).txt,SCHWEIG CARACTERIZAÇÃO TECTONOESTRATIGRÁFICA DA PORÇÃO ADJACENTE AO EPICENTRO DO SISMO SÃO VICENTE NA BACIA DE SANTOS,upstream
20160602-TESEMSC_0 (2).txt,Cultivo de Lentinula edodes e Pleurotus ostreatus em bagaço de cana-de-açúcar,downstream
20160602-TESEMSC_0.txt,ANÁLISE COMPARATIVA ENTRE TECNOLOGIAS DE PRODUÇÃO DE ÁCIDO ACÉTICO VIA PETROQUÍMICA E ALCOOLQUÍMICA,downstream
20160606-TESEMSC_0.txt,Separação de Ácidos Graxos Livres e Triacilgliceróis por Destilação a Vácuo,downstream
20160608-TESEMSC_0.txt,ANÁLISE TÉCNICO-ECONÔMICA DA INJEÇÃO DE CO2 EM RESERVATÓRIOS COM CARACTER,upstream
20160614-MONOGRAFIA_0 (2).txt,TEORIA DAS OPÇÕES REAIS: A APLICAÇÃO DESSA FERRAMENTA NA ANÁLISE DE INVESTIMENTOS DE PESQUISA E DESENVOLVIMENTO NO SETOR DE PETRÓLEO E GÁS NATURAL,interdisciplinar
20160614-MONOGRAFIA_0.txt,SIMULAÇÃO DE UM SISTEMA DE MANUTENÇÃO PARA TURBOGERADORES EM UM FPSO,upstream
20160614-TESEDSC_0.txt,O PROJETO ORGANIZACIONAL SOB A PERSPECTIVA DE SISTEMAS COMPLEXOS E ADAPTATIVOS: UM ESTUDO DE CASO,interdisciplinar
20160623-TESEDSC_0.txt,"BIOAPROVEITAMENTO DE GLICEROL POR Clostridium spp. PARA PRODUÇÃO DE 1,3-PROPANODIOL: OTIMIZAÇÃO DO PROCESSO FERMENTATIVO, ENGENHARIA METABÓLICA E DOWNSTREAM ",downstream
20160623-TESEMSC_0.txt,ANÁLISE DOS NOVOS CONDICIONANTES DA OFERTA NACIONAL DE GÁS NATURAL E A DEMANDA TERMELÉTRICA NO PRÓXIMO DECÊNIO,downstream
20160628-TESEMSC_1.txt,Oxidação preferencial de CO em catalisadores à base de ouro – Estudo do efeito do suporte e do método de síntese do catalisador,downstream
20160701-TESEMSC_0.txt,SÍNTESE E CARACTERIZAÇÃO DE WOx/TiO2 PARA CONVERSÃO CATALÍTICA DA GLICOSE,downstream
20160704-MONOGRAFIA_0.txt,IMPACTO DA UTILIZAÇÃO DE SURFACTANTE E COSURFACTANTE ALCOÓLICO NA ATIVIDADE METABÓLICA DE BRS,upstream
20160713-MONOGRAFIA_0.txt,UTILIZAÇÃO DE ANONAS NA PRODUÇÃO DE BIODIESEL E ANTIOXIDANTES NATURAIS,downstream
20160721-MONOGRAFIA_0 (1).txt,FORMULAÇÃO DE SOLVENTE TERNÁRIO MICROEMULSIONADO PARA CAPTURA DE CO2 POR ABSORÇÃO GASOSA,interdisciplinar
20160721-MONOGRAFIA_0 (2).txt,"OBTENÇÃO NUMÉRICA E EXPERIMENTAL DO CAMPO DE TEMPERATURA A SOLDAGEM TIG DO AÇO AISI 304, UTILIZADO NA INDUSTRIA DO PETRÓLEO GÁS E BIOCOMBUSTÍVEL",interdisciplinar
20160721-MONOGRAFIA_0 (3).txt,UTILIZAÇÃO DE TURFA E VERMICULITA HIDROFOBIZADAS COMO ADSORVENTES DE HIDROCARBONETOS EM ÁGUA PRODUZIDA SINTÉTICA,upstream
20160721-MONOGRAFIA_0.txt,ESTUDO DE INDUÇÃO DE CAMPO ELETROMAGNÉTICO PARA AUMENTAR PRODUTIVIDADE EM CAMPOS MADUROS,upstream
20160722-MONOGRAFIA_0 (1).txt,ESTUDO DE VIABILIDADE DO USO DE AQUECIMENTO SOLAR TÉRMICO NA CADEIA DE GERAÇÃO DE VAPOR PARA INJEÇÃO EM POÇOS MADUROS DE PETRÓLEO ,upstream
20160722-MONOGRAFIA_0 (2).txt,ESTUDO DE VIABILIDADE TÉCNICO-ECONÔMICA PARA UTILIZAÇÃO DE UM SISTEMA FOTOVOLTAICO CONECTADO À REDE EM UMA UNIDADE DE BOMBEIO CENTRÍFUGO SUBMERSO,upstream
20160722-MONOGRAFIA_0 (3).txt,MODELO COMPUTACIONAL PARA ESTUDO DO ESCOAMENTO MULTIFÁSICO NO PADRÃO Slug EM DUTOS,interdisciplinar
20160722-MONOGRAFIA_0.txt,ANÁLISE DE CORROSÃO EM AÇOS INOXIDÁVEIS AUSTENÍTICOS VOLTADOS À INDÚSTRIA DO PETRÓLEO,interdisciplinar
20160725-MONOGRAFIA_0 (1).txt,AVALIAÇÃO DO PROCESSO FOTO-FENTON NO TRATAMENTO DE  EFLUENTES PREPARADOS COM DERIVADOS DE PETRÓLEO VISANDO APLICAÇÃO EM ÁGUAS PRODUZIDAS EM CAMPOS DE PETRÓLEO,upstream
20160725-MONOGRAFIA_0 (3).txt,AVALIAÇÃO DO PROCESSO FOTO-FENTON NO TRATAMENTO DE EFLUENTES PREPARADOS COM DERIVADOS DE PETRÓLEO VISANDO APLICAÇÃO EM ÁGUAS PRODUZIDAS EM CAMPOS DE PETRÓLEO.,upstream
20160725-MONOGRAFIA_0 (5).txt,AVALIAÇÃO E OTIMIZAÇÃO DE UMA ESTAÇÃO DE TRATAMENTO DE ÁGUA PRODUZIDA,upstream
20160725-MONOGRAFIA_0 (6).txt,DESENVOLVIMENTO DE METODOLOGIA PARA ANÁLISE DE HIDROCARBONETOS AROMÁTICOS EM QUEROSENE DE AVIAÇÃO ALTERNATIVO POR GC-MS,downstream
20160725-MONOGRAFIA_0 (7).txt,OBTENÇÃO DE GÉIS LINEARES E RETICULARES Á BASE DE POLISSACARÍDEOS PARA APLICAÇÃO EM FRATURAMENTO HIDRÁULICO DE POÇOS DE PETRÓLEO,upstream
20160725-MONOGRAFIA_0.txt,ADSORÇÃO DE TOLUENO EM SOLUÇÃO AQUOSA UTILIZANDO BAGAÇO DE CAJU COMO ADSORVENTE,interdisciplinar
20160808-TESEDSC_0.txt,MODELO VISCOPLÁSTICO COMDANO NÃO LOCAL APLICADO AROCHAS SALINAS SOBDEFORMAÇÕES FINITAS,upstream
20160809-TESEMSC_0.txt,MIG/MAG PARA O PASSE DE RAIZ EM SOLDAGEM ORBITAL DE TUBOS,interdisciplinar
20160914-MONOGRAFIA_0 (1).txt,ELABORAÇÃO E MANEJO DE FLUIDOS DE COMPLETAÇÃO VOLTADOS PARA CAMPOS MADUROS,upstream
20160914-MONOGRAFIA_0 (2).txt,TRATAMENTO DE ÁGUA PRODUZIDA UTILIZANDO TENSOATIVOS,upstream
20160914-MONOGRAFIA_0.txt,Avaliação cinética do processo de produção do furfural a partir de biomassa de canola e milho por via hidrolítica ácida.,interdisciplinar
20160914-TESEMSC_0 (1).txt,SIMULAÇÃO DE AQUECIMENTO DE FLUIDOS EM DUTOS DE PETRÓLEO USANDO ONDAS ELETROMAGNÉTICAS.,upstream
20160914-TESEMSC_0.txt,INFLUÊNCIA DOS TRATAMENTOS TÉRMICOS DE TÊMPERA E REVENIDO NA TENACIDADE AO IMPACTO E SENSITIZAÇÃO DO AÇO  SUPERMARTENSÍTICO 13%Cr,interdisciplinar
20160915-MONOGRAFIA_1.txt,ESTUDO NUMÉRICO DA INFLUÊNCIA DA VISCOSIDADE DO PETRÓLEO NAS CONDIÇÕES DE FUNCIONAMENTO DE UMA BOMBA RADIAL,upstream
20160920-MONOGRAFIA_0.txt,ANÁLISE NUMÉRICA DAS TENSÕES RESIDUAIS DE SOLDAGEM EM UMA TUBULAÇÃODA INDÚSTRIA DE PETRÓLEO E GÁS,interdisciplinar
20160921-TESEMSC_0.txt,INVERSÃO SÍSMICA DECAMPOS DE VELOCIDADESPARAMETRIZADOS POR SÉRIEONDALETA CHAPÉUMEXICANO BIDIMENSIONAL,upstream
20160923-TESEMSC_0.txt,Modelagem Computacional do Acoplamento Hidro-Geomecânico em Reservatórios Não Convencionais de Gás,upstream
20160926-TESEMSC_0.txt,Programação Modular e Computação de Alto Desempenho em um Simulador de Reservatórios não Convencionais de Gás em Folhelhos,upstream
20160928-MONOGRAFIA_0.txt,"COMPARAÇÃO ENTRE AS FORMULAÇÕES IMPES, SEQUENCIAL ETOTALMENTE IMPLÍCITA NA SIMULAÇÃO DE ESCOAMENTOBIFÁSICO EM RESERVATÓRIOS APLICANDO O MÉTODO DOSVOLUMES FINITOS BASEADO EM ELEMENTOS",upstream
